negSlope,posSlope,ci90loSlope,ci90upSlope,meanSlope,Trend,intervalSlope,Metric
0.12125,0.87875,-0.004944930308659535,0.030793117129224015,0.01283861705729466,Likely increase,-0.005 to 0.031,Monthly Runoff
