negSlope,posSlope,ci90loSlope,ci90upSlope,meanSlope,Trend,intervalSlope,Metric
0.001875,0.998125,0.005922683702276803,0.02269395060401937,0.01430366411257885,Virtually certain increase,0.006 to 0.023,Flow
